<?xml version="1.0"?>
<info xmlns:xsi="http://www.w3.org/2001/XMLSchema-instance">
  <id>egonextapp</id>
  <name>Ego Next App</name>
  <summary>App di test Nextcloud</summary>
  <description>Aggiunge un'azione contestuale ai file</description>
  <licence>agpl</licence>
  <author>Ennio</author>
  <version>0.3.0</version>
  <namespace>EgoNextApp</namespace>
  <dependencies>
    <php min-version="8.1"/>
    <nextcloud min-version="30" max-version="30"/>
  </dependencies>
  <types>
    <files/>
  </types>
  <scripts>
    <script>js/main.js</script>
  </scripts>

</info>
